Code Domaine,Domaine,Code zone,Zone,Code Élément,Élément,Code Produit,Produit,Code année,Année,Unité,Valeur,Symbole,Description du Symbole
"FBS","Nouveaux Bilans Alimentaire","2","Afghanistan","511","Population totale","2501","Population","2017","2017","1000 personnes","36296","*","Chiffre non officiel"
"FBS","Nouveaux Bilans Alimentaire","2","Afghanistan","511","Population totale","2501","Population","2018","2018","1000 personnes","37172","*","Chiffre non officiel"
"FBS","Nouveaux Bilans Alimentaire","202","Afrique du Sud","511","Population totale","2501","Population","2017","2017","1000 personnes","57010","*","Chiffre non officiel"
"FBS","Nouveaux Bilans Alimentaire","202","Afrique du Sud","511","Population totale","2501","Population","2018","2018","1000 personnes","57793","*","Chiffre non officiel"
"FBS","Nouveaux Bilans Alimentaire","3","Albanie","511","Population totale","2501","Population","2017","2017","1000 personnes","2884","*","Chiffre non officiel"
"FBS","Nouveaux Bilans Alimentaire","3","Albanie","511","Population totale","2501","Population","2018","2018","1000 personnes","2883","*","Chiffre non officiel"
"FBS","Nouveaux Bilans Alimentaire","4","Algérie","511","Population totale","2501","Population","2017","2017","1000 personnes","41389","*","Chiffre non officiel"
"FBS","Nouveaux Bilans Alimentaire","4","Algérie","511","Population totale","2501","Population","2018","2018","1000 personnes","42228","*","Chiffre non officiel"
"FBS","Nouveaux Bilans Alimentaire","79","Allemagne","511","Population totale","2501","Population","2017","2017","1000 personnes","82658","*","Chiffre non officiel"
"FBS","Nouveaux Bilans Alimentaire","79","Allemagne","511","Population totale","2501","Population","2018","2018","1000 personnes","83124","*","Chiffre non officiel"
"FBS","Nouveaux Bilans Alimentaire","7","Angola","511","Population totale","2501","Population","2017","2017","1000 personnes","29817","*","Chiffre non officiel"
"FBS","Nouveaux Bilans Alimentaire","7","Angola","511","Population totale","2501","Population","2018","2018","1000 personnes","30810","*","Chiffre non officiel"
"FBS","Nouveaux Bilans Alimentaire","8","Antigua-et-Barbuda","511","Population totale","2501","Population","2017","2017","1000 personnes","95","*","Chiffre non officiel"
"FBS","Nouveaux Bilans Alimentaire","8","Antigua-et-Barbuda","511","Population totale","2501","Population","2018","2018","1000 personnes","96","*","Chiffre non officiel"
"FBS","Nouveaux Bilans Alimentaire","194","Arabie saoudite","511","Population totale","2501","Population","2017","2017","1000 personnes","33101","*","Chiffre non officiel"
"FBS","Nouveaux Bilans Alimentaire","194","Arabie saoudite","511","Population totale","2501","Population","2018","2018","1000 personnes","33703","*","Chiffre non officiel"
"FBS","Nouveaux Bilans Alimentaire","9","Argentine","511","Population totale","2501","Population","2017","2017","1000 personnes","43937","*","Chiffre non officiel"
"FBS","Nouveaux Bilans Alimentaire","9","Argentine","511","Population totale","2501","Population","2018","2018","1000 personnes","44361","*","Chiffre non officiel"
"FBS","Nouveaux Bilans Alimentaire","1","Arménie","511","Population totale","2501","Population","2017","2017","1000 personnes","2945","*","Chiffre non officiel"
"FBS","Nouveaux Bilans Alimentaire","1","Arménie","511","Population totale","2501","Population","2018","2018","1000 personnes","2952","*","Chiffre non officiel"
"FBS","Nouveaux Bilans Alimentaire","10","Australie","511","Population totale","2501","Population","2017","2017","1000 personnes","24585","*","Chiffre non officiel"
"FBS","Nouveaux Bilans Alimentaire","10","Australie","511","Population totale","2501","Population","2018","2018","1000 personnes","24898","*","Chiffre non officiel"
"FBS","Nouveaux Bilans Alimentaire","11","Autriche","511","Population totale","2501","Population","2017","2017","1000 personnes","8820","*","Chiffre non officiel"
"FBS","Nouveaux Bilans Alimentaire","11","Autriche","511","Population totale","2501","Population","2018","2018","1000 personnes","8891","*","Chiffre non officiel"
"FBS","Nouveaux Bilans Alimentaire","52","Azerbaïdjan","511","Population totale","2501","Population","2017","2017","1000 personnes","9845","*","Chiffre non officiel"
"FBS","Nouveaux Bilans Alimentaire","52","Azerbaïdjan","511","Population totale","2501","Population","2018","2018","1000 personnes","9950","*","Chiffre non officiel"
"FBS","Nouveaux Bilans Alimentaire","12","Bahamas","511","Population totale","2501","Population","2017","2017","1000 personnes","382","*","Chiffre non officiel"
"FBS","Nouveaux Bilans Alimentaire","12","Bahamas","511","Population totale","2501","Population","2018","2018","1000 personnes","386","*","Chiffre non officiel"
"FBS","Nouveaux Bilans Alimentaire","16","Bangladesh","511","Population totale","2501","Population","2017","2017","1000 personnes","159685","*","Chiffre non officiel"
"FBS","Nouveaux Bilans Alimentaire","16","Bangladesh","511","Population totale","2501","Population","2018","2018","1000 personnes","161377","*","Chiffre non officiel"
"FBS","Nouveaux Bilans Alimentaire","14","Barbade","511","Population totale","2501","Population","2017","2017","1000 personnes","286","*","Chiffre non officiel"
"FBS","Nouveaux Bilans Alimentaire","14","Barbade","511","Population totale","2501","Population","2018","2018","1000 personnes","287","*","Chiffre non officiel"
"FBS","Nouveaux Bilans Alimentaire","57","Bélarus","511","Population totale","2501","Population","2017","2017","1000 personnes","9450","*","Chiffre non officiel"
"FBS","Nouveaux Bilans Alimentaire","57","Bélarus","511","Population totale","2501","Population","2018","2018","1000 personnes","9453","*","Chiffre non officiel"
"FBS","Nouveaux Bilans Alimentaire","255","Belgique","511","Population totale","2501","Population","2017","2017","1000 personnes","11420","*","Chiffre non officiel"
"FBS","Nouveaux Bilans Alimentaire","255","Belgique","511","Population totale","2501","Population","2018","2018","1000 personnes","11482","*","Chiffre non officiel"
"FBS","Nouveaux Bilans Alimentaire","23","Belize","511","Population totale","2501","Population","2017","2017","1000 personnes","376","*","Chiffre non officiel"
"FBS","Nouveaux Bilans Alimentaire","23","Belize","511","Population totale","2501","Population","2018","2018","1000 personnes","383","*","Chiffre non officiel"
"FBS","Nouveaux Bilans Alimentaire","53","Bénin","511","Population totale","2501","Population","2017","2017","1000 personnes","11175","*","Chiffre non officiel"
"FBS","Nouveaux Bilans Alimentaire","53","Bénin","511","Population totale","2501","Population","2018","2018","1000 personnes","11485","*","Chiffre non officiel"
"FBS","Nouveaux Bilans Alimentaire","19","Bolivie (État plurinational de)","511","Population totale","2501","Population","2017","2017","1000 personnes","11193","*","Chiffre non officiel"
"FBS","Nouveaux Bilans Alimentaire","19","Bolivie (État plurinational de)","511","Population totale","2501","Population","2018","2018","1000 personnes","11353","*","Chiffre non officiel"
"FBS","Nouveaux Bilans Alimentaire","80","Bosnie-Herzégovine","511","Population totale","2501","Population","2017","2017","1000 personnes","3352","*","Chiffre non officiel"
"FBS","Nouveaux Bilans Alimentaire","80","Bosnie-Herzégovine","511","Population totale","2501","Population","2018","2018","1000 personnes","3324","*","Chiffre non officiel"
"FBS","Nouveaux Bilans Alimentaire","20","Botswana","511","Population totale","2501","Population","2017","2017","1000 personnes","2205","*","Chiffre non officiel"
"FBS","Nouveaux Bilans Alimentaire","20","Botswana","511","Population totale","2501","Population","2018","2018","1000 personnes","2254","*","Chiffre non officiel"
"FBS","Nouveaux Bilans Alimentaire","21","Brésil","511","Population totale","2501","Population","2017","2017","1000 personnes","207834","*","Chiffre non officiel"
"FBS","Nouveaux Bilans Alimentaire","21","Brésil","511","Population totale","2501","Population","2018","2018","1000 personnes","209469","*","Chiffre non officiel"
"FBS","Nouveaux Bilans Alimentaire","27","Bulgarie","511","Population totale","2501","Population","2017","2017","1000 personnes","7102","*","Chiffre non officiel"
"FBS","Nouveaux Bilans Alimentaire","27","Bulgarie","511","Population totale","2501","Population","2018","2018","1000 personnes","7052","*","Chiffre non officiel"
"FBS","Nouveaux Bilans Alimentaire","233","Burkina Faso","511","Population totale","2501","Population","2017","2017","1000 personnes","19193","*","Chiffre non officiel"
"FBS","Nouveaux Bilans Alimentaire","233","Burkina Faso","511","Population totale","2501","Population","2018","2018","1000 personnes","19751","*","Chiffre non officiel"
"FBS","Nouveaux Bilans Alimentaire","35","Cabo Verde","511","Population totale","2501","Population","2017","2017","1000 personnes","537","*","Chiffre non officiel"
"FBS","Nouveaux Bilans Alimentaire","35","Cabo Verde","511","Population totale","2501","Population","2018","2018","1000 personnes","544","*","Chiffre non officiel"
"FBS","Nouveaux Bilans Alimentaire","115","Cambodge","511","Population totale","2501","Population","2017","2017","1000 personnes","16009","*","Chiffre non officiel"
"FBS","Nouveaux Bilans Alimentaire","115","Cambodge","511","Population totale","2501","Population","2018","2018","1000 personnes","16250","*","Chiffre non officiel"
"FBS","Nouveaux Bilans Alimentaire","32","Cameroun","511","Population totale","2501","Population","2017","2017","1000 personnes","24566","*","Chiffre non officiel"
"FBS","Nouveaux Bilans Alimentaire","32","Cameroun","511","Population totale","2501","Population","2018","2018","1000 personnes","25216","*","Chiffre non officiel"
"FBS","Nouveaux Bilans Alimentaire","33","Canada","511","Population totale","2501","Population","2017","2017","1000 personnes","36732","*","Chiffre non officiel"
"FBS","Nouveaux Bilans Alimentaire","33","Canada","511","Population totale","2501","Population","2018","2018","1000 personnes","37075","*","Chiffre non officiel"
"FBS","Nouveaux Bilans Alimentaire","40","Chili","511","Population totale","2501","Population","2017","2017","1000 personnes","18470","*","Chiffre non officiel"
"FBS","Nouveaux Bilans Alimentaire","40","Chili","511","Population totale","2501","Population","2018","2018","1000 personnes","18729","*","Chiffre non officiel"
"FBS","Nouveaux Bilans Alimentaire","351","Chine","511","Population totale","2501","Population","2017","2017","1000 personnes","1452626","A","Agrégat, peut inclure des données officielles, semi-officielles, estimées ou calculées"
"FBS","Nouveaux Bilans Alimentaire","351","Chine","511","Population totale","2501","Population","2018","2018","1000 personnes","1459378","A","Agrégat, peut inclure des données officielles, semi-officielles, estimées ou calculées"
"FBS","Nouveaux Bilans Alimentaire","96","Chine - RAS de Hong-Kong","511","Population totale","2501","Population","2017","2017","1000 personnes","7306","*","Chiffre non officiel"
"FBS","Nouveaux Bilans Alimentaire","96","Chine - RAS de Hong-Kong","511","Population totale","2501","Population","2018","2018","1000 personnes","7372","*","Chiffre non officiel"
"FBS","Nouveaux Bilans Alimentaire","128","Chine - RAS de Macao","511","Population totale","2501","Population","2017","2017","1000 personnes","623","*","Chiffre non officiel"
"FBS","Nouveaux Bilans Alimentaire","128","Chine - RAS de Macao","511","Population totale","2501","Population","2018","2018","1000 personnes","632","*","Chiffre non officiel"
"FBS","Nouveaux Bilans Alimentaire","41","Chine, continentale","511","Population totale","2501","Population","2017","2017","1000 personnes","1421022","*","Chiffre non officiel"
"FBS","Nouveaux Bilans Alimentaire","41","Chine, continentale","511","Population totale","2501","Population","2018","2018","1000 personnes","1427648","*","Chiffre non officiel"
"FBS","Nouveaux Bilans Alimentaire","214","Chine, Taiwan Province de","511","Population totale","2501","Population","2017","2017","1000 personnes","23675","*","Chiffre non officiel"
"FBS","Nouveaux Bilans Alimentaire","214","Chine, Taiwan Province de","511","Population totale","2501","Population","2018","2018","1000 personnes","23726","*","Chiffre non officiel"
"FBS","Nouveaux Bilans Alimentaire","50","Chypre","511","Population totale","2501","Population","2017","2017","1000 personnes","1180","*","Chiffre non officiel"
"FBS","Nouveaux Bilans Alimentaire","50","Chypre","511","Population totale","2501","Population","2018","2018","1000 personnes","1189","*","Chiffre non officiel"
"FBS","Nouveaux Bilans Alimentaire","44","Colombie","511","Population totale","2501","Population","2017","2017","1000 personnes","48910","*","Chiffre non officiel"
"FBS","Nouveaux Bilans Alimentaire","44","Colombie","511","Population totale","2501","Population","2018","2018","1000 personnes","49661","*","Chiffre non officiel"
"FBS","Nouveaux Bilans Alimentaire","46","Congo","511","Population totale","2501","Population","2017","2017","1000 personnes","5111","*","Chiffre non officiel"
"FBS","Nouveaux Bilans Alimentaire","46","Congo","511","Population totale","2501","Population","2018","2018","1000 personnes","5244","*","Chiffre non officiel"
"FBS","Nouveaux Bilans Alimentaire","48","Costa Rica","511","Population totale","2501","Population","2017","2017","1000 personnes","4950","*","Chiffre non officiel"
"FBS","Nouveaux Bilans Alimentaire","48","Costa Rica","511","Population totale","2501","Population","2018","2018","1000 personnes","4999","*","Chiffre non officiel"
"FBS","Nouveaux Bilans Alimentaire","107","Côte d'Ivoire","511","Population totale","2501","Population","2017","2017","1000 personnes","24437","*","Chiffre non officiel"
"FBS","Nouveaux Bilans Alimentaire","107","Côte d'Ivoire","511","Population totale","2501","Population","2018","2018","1000 personnes","25069","*","Chiffre non officiel"
"FBS","Nouveaux Bilans Alimentaire","98","Croatie","511","Population totale","2501","Population","2017","2017","1000 personnes","4183","*","Chiffre non officiel"
"FBS","Nouveaux Bilans Alimentaire","98","Croatie","511","Population totale","2501","Population","2018","2018","1000 personnes","4156","*","Chiffre non officiel"
"FBS","Nouveaux Bilans Alimentaire","49","Cuba","511","Population totale","2501","Population","2017","2017","1000 personnes","11339","*","Chiffre non officiel"
"FBS","Nouveaux Bilans Alimentaire","49","Cuba","511","Population totale","2501","Population","2018","2018","1000 personnes","11338","*","Chiffre non officiel"
"FBS","Nouveaux Bilans Alimentaire","54","Danemark","511","Population totale","2501","Population","2017","2017","1000 personnes","5732","*","Chiffre non officiel"
"FBS","Nouveaux Bilans Alimentaire","54","Danemark","511","Population totale","2501","Population","2018","2018","1000 personnes","5752","*","Chiffre non officiel"
"FBS","Nouveaux Bilans Alimentaire","72","Djibouti","511","Population totale","2501","Population","2017","2017","1000 personnes","944","*","Chiffre non officiel"
"FBS","Nouveaux Bilans Alimentaire","72","Djibouti","511","Population totale","2501","Population","2018","2018","1000 personnes","959","*","Chiffre non officiel"
"FBS","Nouveaux Bilans Alimentaire","55","Dominique","511","Population totale","2501","Population","2017","2017","1000 personnes","71","*","Chiffre non officiel"
"FBS","Nouveaux Bilans Alimentaire","55","Dominique","511","Population totale","2501","Population","2018","2018","1000 personnes","72","*","Chiffre non officiel"
"FBS","Nouveaux Bilans Alimentaire","59","Égypte","511","Population totale","2501","Population","2017","2017","1000 personnes","96443","*","Chiffre non officiel"
"FBS","Nouveaux Bilans Alimentaire","59","Égypte","511","Population totale","2501","Population","2018","2018","1000 personnes","98424","*","Chiffre non officiel"
"FBS","Nouveaux Bilans Alimentaire","60","El Salvador","511","Population totale","2501","Population","2017","2017","1000 personnes","6388","*","Chiffre non officiel"
"FBS","Nouveaux Bilans Alimentaire","60","El Salvador","511","Population totale","2501","Population","2018","2018","1000 personnes","6421","*","Chiffre non officiel"
"FBS","Nouveaux Bilans Alimentaire","225","Émirats arabes unis","511","Population totale","2501","Population","2017","2017","1000 personnes","9487","*","Chiffre non officiel"
"FBS","Nouveaux Bilans Alimentaire","225","Émirats arabes unis","511","Population totale","2501","Population","2018","2018","1000 personnes","9631","*","Chiffre non officiel"
"FBS","Nouveaux Bilans Alimentaire","58","Équateur","511","Population totale","2501","Population","2017","2017","1000 personnes","16785","*","Chiffre non officiel"
"FBS","Nouveaux Bilans Alimentaire","58","Équateur","511","Population totale","2501","Population","2018","2018","1000 personnes","17084","*","Chiffre non officiel"
"FBS","Nouveaux Bilans Alimentaire","203","Espagne","511","Population totale","2501","Population","2017","2017","1000 personnes","46647","*","Chiffre non officiel"
"FBS","Nouveaux Bilans Alimentaire","203","Espagne","511","Population totale","2501","Population","2018","2018","1000 personnes","46693","*","Chiffre non officiel"
"FBS","Nouveaux Bilans Alimentaire","63","Estonie","511","Population totale","2501","Population","2017","2017","1000 personnes","1319","*","Chiffre non officiel"
"FBS","Nouveaux Bilans Alimentaire","63","Estonie","511","Population totale","2501","Population","2018","2018","1000 personnes","1323","*","Chiffre non officiel"
"FBS","Nouveaux Bilans Alimentaire","209","Eswatini","511","Population totale","2501","Population","2017","2017","1000 personnes","1125","*","Chiffre non officiel"
"FBS","Nouveaux Bilans Alimentaire","209","Eswatini","511","Population totale","2501","Population","2018","2018","1000 personnes","1136","*","Chiffre non officiel"
"FBS","Nouveaux Bilans Alimentaire","231","États-Unis d'Amérique","511","Population totale","2501","Population","2017","2017","1000 personnes","325085","*","Chiffre non officiel"
"FBS","Nouveaux Bilans Alimentaire","231","États-Unis d'Amérique","511","Population totale","2501","Population","2018","2018","1000 personnes","327096","*","Chiffre non officiel"
"FBS","Nouveaux Bilans Alimentaire","238","Éthiopie","511","Population totale","2501","Population","2017","2017","1000 personnes","106400","*","Chiffre non officiel"
"FBS","Nouveaux Bilans Alimentaire","238","Éthiopie","511","Population totale","2501","Population","2018","2018","1000 personnes","109224","*","Chiffre non officiel"
"FBS","Nouveaux Bilans Alimentaire","185","Fédération de Russie","511","Population totale","2501","Population","2017","2017","1000 personnes","145530","*","Chiffre non officiel"
"FBS","Nouveaux Bilans Alimentaire","185","Fédération de Russie","511","Population totale","2501","Population","2018","2018","1000 personnes","145734","*","Chiffre non officiel"
"FBS","Nouveaux Bilans Alimentaire","66","Fidji","511","Population totale","2501","Population","2017","2017","1000 personnes","877","*","Chiffre non officiel"
"FBS","Nouveaux Bilans Alimentaire","66","Fidji","511","Population totale","2501","Population","2018","2018","1000 personnes","883","*","Chiffre non officiel"
"FBS","Nouveaux Bilans Alimentaire","67","Finlande","511","Population totale","2501","Population","2017","2017","1000 personnes","5511","*","Chiffre non officiel"
"FBS","Nouveaux Bilans Alimentaire","67","Finlande","511","Population totale","2501","Population","2018","2018","1000 personnes","5523","*","Chiffre non officiel"
"FBS","Nouveaux Bilans Alimentaire","68","France","511","Population totale","2501","Population","2017","2017","1000 personnes","66769","*","Chiffre non officiel"
"FBS","Nouveaux Bilans Alimentaire","68","France","511","Population totale","2501","Population","2018","2018","1000 personnes","66931","*","Chiffre non officiel"
"FBS","Nouveaux Bilans Alimentaire","74","Gabon","511","Population totale","2501","Population","2017","2017","1000 personnes","2065","*","Chiffre non officiel"
"FBS","Nouveaux Bilans Alimentaire","74","Gabon","511","Population totale","2501","Population","2018","2018","1000 personnes","2119","*","Chiffre non officiel"
"FBS","Nouveaux Bilans Alimentaire","75","Gambie","511","Population totale","2501","Population","2017","2017","1000 personnes","2214","*","Chiffre non officiel"
"FBS","Nouveaux Bilans Alimentaire","75","Gambie","511","Population totale","2501","Population","2018","2018","1000 personnes","2280","*","Chiffre non officiel"
"FBS","Nouveaux Bilans Alimentaire","73","Géorgie","511","Population totale","2501","Population","2017","2017","1000 personnes","4009","*","Chiffre non officiel"
"FBS","Nouveaux Bilans Alimentaire","73","Géorgie","511","Population totale","2501","Population","2018","2018","1000 personnes","4003","*","Chiffre non officiel"
"FBS","Nouveaux Bilans Alimentaire","81","Ghana","511","Population totale","2501","Population","2017","2017","1000 personnes","29121","*","Chiffre non officiel"
"FBS","Nouveaux Bilans Alimentaire","81","Ghana","511","Population totale","2501","Population","2018","2018","1000 personnes","29767","*","Chiffre non officiel"
"FBS","Nouveaux Bilans Alimentaire","84","Grèce","511","Population totale","2501","Population","2017","2017","1000 personnes","10569","*","Chiffre non officiel"
"FBS","Nouveaux Bilans Alimentaire","84","Grèce","511","Population totale","2501","Population","2018","2018","1000 personnes","10522","*","Chiffre non officiel"
"FBS","Nouveaux Bilans Alimentaire","86","Grenade","511","Population totale","2501","Population","2017","2017","1000 personnes","111","*","Chiffre non officiel"
"FBS","Nouveaux Bilans Alimentaire","86","Grenade","511","Population totale","2501","Population","2018","2018","1000 personnes","111","*","Chiffre non officiel"
"FBS","Nouveaux Bilans Alimentaire","89","Guatemala","511","Population totale","2501","Population","2017","2017","1000 personnes","16915","*","Chiffre non officiel"
"FBS","Nouveaux Bilans Alimentaire","89","Guatemala","511","Population totale","2501","Population","2018","2018","1000 personnes","17248","*","Chiffre non officiel"
"FBS","Nouveaux Bilans Alimentaire","90","Guinée","511","Population totale","2501","Population","2017","2017","1000 personnes","12068","*","Chiffre non officiel"
"FBS","Nouveaux Bilans Alimentaire","90","Guinée","511","Population totale","2501","Population","2018","2018","1000 personnes","12414","*","Chiffre non officiel"
"FBS","Nouveaux Bilans Alimentaire","175","Guinée-Bissau","511","Population totale","2501","Population","2017","2017","1000 personnes","1828","*","Chiffre non officiel"
"FBS","Nouveaux Bilans Alimentaire","175","Guinée-Bissau","511","Population totale","2501","Population","2018","2018","1000 personnes","1874","*","Chiffre non officiel"
"FBS","Nouveaux Bilans Alimentaire","91","Guyana","511","Population totale","2501","Population","2017","2017","1000 personnes","775","*","Chiffre non officiel"
"FBS","Nouveaux Bilans Alimentaire","91","Guyana","511","Population totale","2501","Population","2018","2018","1000 personnes","779","*","Chiffre non officiel"
"FBS","Nouveaux Bilans Alimentaire","93","Haïti","511","Population totale","2501","Population","2017","2017","1000 personnes","10982","*","Chiffre non officiel"
"FBS","Nouveaux Bilans Alimentaire","93","Haïti","511","Population totale","2501","Population","2018","2018","1000 personnes","11123","*","Chiffre non officiel"
"FBS","Nouveaux Bilans Alimentaire","95","Honduras","511","Population totale","2501","Population","2017","2017","1000 personnes","9429","*","Chiffre non officiel"
"FBS","Nouveaux Bilans Alimentaire","95","Honduras","511","Population totale","2501","Population","2018","2018","1000 personnes","9588","*","Chiffre non officiel"
"FBS","Nouveaux Bilans Alimentaire","97","Hongrie","511","Population totale","2501","Population","2017","2017","1000 personnes","9730","*","Chiffre non officiel"
"FBS","Nouveaux Bilans Alimentaire","97","Hongrie","511","Population totale","2501","Population","2018","2018","1000 personnes","9707","*","Chiffre non officiel"
"FBS","Nouveaux Bilans Alimentaire","25","Îles Salomon","511","Population totale","2501","Population","2017","2017","1000 personnes","636","*","Chiffre non officiel"
"FBS","Nouveaux Bilans Alimentaire","25","Îles Salomon","511","Population totale","2501","Population","2018","2018","1000 personnes","653","*","Chiffre non officiel"
"FBS","Nouveaux Bilans Alimentaire","100","Inde","511","Population totale","2501","Population","2017","2017","1000 personnes","1338677","*","Chiffre non officiel"
"FBS","Nouveaux Bilans Alimentaire","100","Inde","511","Population totale","2501","Population","2018","2018","1000 personnes","1352642","*","Chiffre non officiel"
"FBS","Nouveaux Bilans Alimentaire","101","Indonésie","511","Population totale","2501","Population","2017","2017","1000 personnes","264651","*","Chiffre non officiel"
"FBS","Nouveaux Bilans Alimentaire","101","Indonésie","511","Population totale","2501","Population","2018","2018","1000 personnes","267671","*","Chiffre non officiel"
"FBS","Nouveaux Bilans Alimentaire","102","Iran (République islamique d')","511","Population totale","2501","Population","2017","2017","1000 personnes","80674","*","Chiffre non officiel"
"FBS","Nouveaux Bilans Alimentaire","102","Iran (République islamique d')","511","Population totale","2501","Population","2018","2018","1000 personnes","81800","*","Chiffre non officiel"
"FBS","Nouveaux Bilans Alimentaire","103","Iraq","511","Population totale","2501","Population","2017","2017","1000 personnes","32210","*","Chiffre non officiel"
"FBS","Nouveaux Bilans Alimentaire","103","Iraq","511","Population totale","2501","Population","2018","2018","1000 personnes","32965","*","Chiffre non officiel"
"FBS","Nouveaux Bilans Alimentaire","104","Irlande","511","Population totale","2501","Population","2017","2017","1000 personnes","4753","*","Chiffre non officiel"
"FBS","Nouveaux Bilans Alimentaire","104","Irlande","511","Population totale","2501","Population","2018","2018","1000 personnes","4819","*","Chiffre non officiel"
"FBS","Nouveaux Bilans Alimentaire","99","Islande","511","Population totale","2501","Population","2017","2017","1000 personnes","334","*","Chiffre non officiel"
"FBS","Nouveaux Bilans Alimentaire","99","Islande","511","Population totale","2501","Population","2018","2018","1000 personnes","337","*","Chiffre non officiel"
"FBS","Nouveaux Bilans Alimentaire","105","Israël","511","Population totale","2501","Population","2017","2017","1000 personnes","8244","*","Chiffre non officiel"
"FBS","Nouveaux Bilans Alimentaire","105","Israël","511","Population totale","2501","Population","2018","2018","1000 personnes","8382","*","Chiffre non officiel"
"FBS","Nouveaux Bilans Alimentaire","106","Italie","511","Population totale","2501","Population","2017","2017","1000 personnes","60674","*","Chiffre non officiel"
"FBS","Nouveaux Bilans Alimentaire","106","Italie","511","Population totale","2501","Population","2018","2018","1000 personnes","60627","*","Chiffre non officiel"
"FBS","Nouveaux Bilans Alimentaire","109","Jamaïque","511","Population totale","2501","Population","2017","2017","1000 personnes","2921","*","Chiffre non officiel"
"FBS","Nouveaux Bilans Alimentaire","109","Jamaïque","511","Population totale","2501","Population","2018","2018","1000 personnes","2935","*","Chiffre non officiel"
"FBS","Nouveaux Bilans Alimentaire","110","Japon","511","Population totale","2501","Population","2017","2017","1000 personnes","127503","*","Chiffre non officiel"
"FBS","Nouveaux Bilans Alimentaire","110","Japon","511","Population totale","2501","Population","2018","2018","1000 personnes","127202","*","Chiffre non officiel"
"FBS","Nouveaux Bilans Alimentaire","112","Jordanie","511","Population totale","2501","Population","2017","2017","1000 personnes","9786","*","Chiffre non officiel"
"FBS","Nouveaux Bilans Alimentaire","112","Jordanie","511","Population totale","2501","Population","2018","2018","1000 personnes","9965","*","Chiffre non officiel"
"FBS","Nouveaux Bilans Alimentaire","108","Kazakhstan","511","Population totale","2501","Population","2017","2017","1000 personnes","18080","*","Chiffre non officiel"
"FBS","Nouveaux Bilans Alimentaire","108","Kazakhstan","511","Population totale","2501","Population","2018","2018","1000 personnes","18320","*","Chiffre non officiel"
"FBS","Nouveaux Bilans Alimentaire","114","Kenya","511","Population totale","2501","Population","2017","2017","1000 personnes","50221","*","Chiffre non officiel"
"FBS","Nouveaux Bilans Alimentaire","114","Kenya","511","Population totale","2501","Population","2018","2018","1000 personnes","51393","*","Chiffre non officiel"
"FBS","Nouveaux Bilans Alimentaire","113","Kirghizistan","511","Population totale","2501","Population","2017","2017","1000 personnes","6190","*","Chiffre non officiel"
"FBS","Nouveaux Bilans Alimentaire","113","Kirghizistan","511","Population totale","2501","Population","2018","2018","1000 personnes","6304","*","Chiffre non officiel"
"FBS","Nouveaux Bilans Alimentaire","83","Kiribati","511","Population totale","2501","Population","2017","2017","1000 personnes","114","*","Chiffre non officiel"
"FBS","Nouveaux Bilans Alimentaire","83","Kiribati","511","Population totale","2501","Population","2018","2018","1000 personnes","116","*","Chiffre non officiel"
"FBS","Nouveaux Bilans Alimentaire","118","Koweït","511","Population totale","2501","Population","2017","2017","1000 personnes","4056","*","Chiffre non officiel"
"FBS","Nouveaux Bilans Alimentaire","118","Koweït","511","Population totale","2501","Population","2018","2018","1000 personnes","4137","*","Chiffre non officiel"
"FBS","Nouveaux Bilans Alimentaire","122","Lesotho","511","Population totale","2501","Population","2017","2017","1000 personnes","2092","*","Chiffre non officiel"
"FBS","Nouveaux Bilans Alimentaire","122","Lesotho","511","Population totale","2501","Population","2018","2018","1000 personnes","2108","*","Chiffre non officiel"
"FBS","Nouveaux Bilans Alimentaire","119","Lettonie","511","Population totale","2501","Population","2017","2017","1000 personnes","1951","*","Chiffre non officiel"
"FBS","Nouveaux Bilans Alimentaire","119","Lettonie","511","Population totale","2501","Population","2018","2018","1000 personnes","1928","*","Chiffre non officiel"
"FBS","Nouveaux Bilans Alimentaire","121","Liban","511","Population totale","2501","Population","2017","2017","1000 personnes","6819","*","Chiffre non officiel"
"FBS","Nouveaux Bilans Alimentaire","121","Liban","511","Population totale","2501","Population","2018","2018","1000 personnes","6859","*","Chiffre non officiel"
"FBS","Nouveaux Bilans Alimentaire","123","Libéria","511","Population totale","2501","Population","2017","2017","1000 personnes","4702","*","Chiffre non officiel"
"FBS","Nouveaux Bilans Alimentaire","123","Libéria","511","Population totale","2501","Population","2018","2018","1000 personnes","4819","*","Chiffre non officiel"
"FBS","Nouveaux Bilans Alimentaire","126","Lituanie","511","Population totale","2501","Population","2017","2017","1000 personnes","2845","*","Chiffre non officiel"
"FBS","Nouveaux Bilans Alimentaire","126","Lituanie","511","Population totale","2501","Population","2018","2018","1000 personnes","2801","*","Chiffre non officiel"
"FBS","Nouveaux Bilans Alimentaire","256","Luxembourg","511","Population totale","2501","Population","2017","2017","1000 personnes","592","*","Chiffre non officiel"
"FBS","Nouveaux Bilans Alimentaire","256","Luxembourg","511","Population totale","2501","Population","2018","2018","1000 personnes","604","*","Chiffre non officiel"
"FBS","Nouveaux Bilans Alimentaire","154","Macédoine du Nord","511","Population totale","2501","Population","2017","2017","1000 personnes","2082","*","Chiffre non officiel"
"FBS","Nouveaux Bilans Alimentaire","154","Macédoine du Nord","511","Population totale","2501","Population","2018","2018","1000 personnes","2083","*","Chiffre non officiel"
"FBS","Nouveaux Bilans Alimentaire","129","Madagascar","511","Population totale","2501","Population","2017","2017","1000 personnes","25571","*","Chiffre non officiel"
"FBS","Nouveaux Bilans Alimentaire","129","Madagascar","511","Population totale","2501","Population","2018","2018","1000 personnes","26262","*","Chiffre non officiel"
"FBS","Nouveaux Bilans Alimentaire","131","Malaisie","511","Population totale","2501","Population","2017","2017","1000 personnes","31105","*","Chiffre non officiel"
"FBS","Nouveaux Bilans Alimentaire","131","Malaisie","511","Population totale","2501","Population","2018","2018","1000 personnes","31528","*","Chiffre non officiel"
"FBS","Nouveaux Bilans Alimentaire","130","Malawi","511","Population totale","2501","Population","2017","2017","1000 personnes","17670","*","Chiffre non officiel"
"FBS","Nouveaux Bilans Alimentaire","130","Malawi","511","Population totale","2501","Population","2018","2018","1000 personnes","18143","*","Chiffre non officiel"
"FBS","Nouveaux Bilans Alimentaire","132","Maldives","511","Population totale","2501","Population","2017","2017","1000 personnes","496","*","Chiffre non officiel"
"FBS","Nouveaux Bilans Alimentaire","132","Maldives","511","Population totale","2501","Population","2018","2018","1000 personnes","516","*","Chiffre non officiel"
"FBS","Nouveaux Bilans Alimentaire","133","Mali","511","Population totale","2501","Population","2017","2017","1000 personnes","18512","*","Chiffre non officiel"
"FBS","Nouveaux Bilans Alimentaire","133","Mali","511","Population totale","2501","Population","2018","2018","1000 personnes","19078","*","Chiffre non officiel"
"FBS","Nouveaux Bilans Alimentaire","134","Malte","511","Population totale","2501","Population","2017","2017","1000 personnes","438","*","Chiffre non officiel"
"FBS","Nouveaux Bilans Alimentaire","134","Malte","511","Population totale","2501","Population","2018","2018","1000 personnes","439","*","Chiffre non officiel"
"FBS","Nouveaux Bilans Alimentaire","143","Maroc","511","Population totale","2501","Population","2017","2017","1000 personnes","35581","*","Chiffre non officiel"
"FBS","Nouveaux Bilans Alimentaire","143","Maroc","511","Population totale","2501","Population","2018","2018","1000 personnes","36029","*","Chiffre non officiel"
"FBS","Nouveaux Bilans Alimentaire","137","Maurice","511","Population totale","2501","Population","2017","2017","1000 personnes","1264","*","Chiffre non officiel"
"FBS","Nouveaux Bilans Alimentaire","137","Maurice","511","Population totale","2501","Population","2018","2018","1000 personnes","1267","*","Chiffre non officiel"
"FBS","Nouveaux Bilans Alimentaire","136","Mauritanie","511","Population totale","2501","Population","2017","2017","1000 personnes","4283","*","Chiffre non officiel"
"FBS","Nouveaux Bilans Alimentaire","136","Mauritanie","511","Population totale","2501","Population","2018","2018","1000 personnes","4403","*","Chiffre non officiel"
"FBS","Nouveaux Bilans Alimentaire","138","Mexique","511","Population totale","2501","Population","2017","2017","1000 personnes","124777","*","Chiffre non officiel"
"FBS","Nouveaux Bilans Alimentaire","138","Mexique","511","Population totale","2501","Population","2018","2018","1000 personnes","126191","*","Chiffre non officiel"
"FBS","Nouveaux Bilans Alimentaire","141","Mongolie","511","Population totale","2501","Population","2017","2017","1000 personnes","3114","*","Chiffre non officiel"
"FBS","Nouveaux Bilans Alimentaire","141","Mongolie","511","Population totale","2501","Population","2018","2018","1000 personnes","3170","*","Chiffre non officiel"
"FBS","Nouveaux Bilans Alimentaire","273","Monténégro","511","Population totale","2501","Population","2017","2017","1000 personnes","628","*","Chiffre non officiel"
"FBS","Nouveaux Bilans Alimentaire","273","Monténégro","511","Population totale","2501","Population","2018","2018","1000 personnes","628","*","Chiffre non officiel"
"FBS","Nouveaux Bilans Alimentaire","144","Mozambique","511","Population totale","2501","Population","2017","2017","1000 personnes","28649","*","Chiffre non officiel"
"FBS","Nouveaux Bilans Alimentaire","144","Mozambique","511","Population totale","2501","Population","2018","2018","1000 personnes","29496","*","Chiffre non officiel"
"FBS","Nouveaux Bilans Alimentaire","28","Myanmar","511","Population totale","2501","Population","2017","2017","1000 personnes","53383","*","Chiffre non officiel"
"FBS","Nouveaux Bilans Alimentaire","28","Myanmar","511","Population totale","2501","Population","2018","2018","1000 personnes","53708","*","Chiffre non officiel"
"FBS","Nouveaux Bilans Alimentaire","147","Namibie","511","Population totale","2501","Population","2017","2017","1000 personnes","2403","*","Chiffre non officiel"
"FBS","Nouveaux Bilans Alimentaire","147","Namibie","511","Population totale","2501","Population","2018","2018","1000 personnes","2448","*","Chiffre non officiel"
"FBS","Nouveaux Bilans Alimentaire","149","Népal","511","Population totale","2501","Population","2017","2017","1000 personnes","27633","*","Chiffre non officiel"
"FBS","Nouveaux Bilans Alimentaire","149","Népal","511","Population totale","2501","Population","2018","2018","1000 personnes","28096","*","Chiffre non officiel"
"FBS","Nouveaux Bilans Alimentaire","157","Nicaragua","511","Population totale","2501","Population","2017","2017","1000 personnes","6385","*","Chiffre non officiel"
"FBS","Nouveaux Bilans Alimentaire","157","Nicaragua","511","Population totale","2501","Population","2018","2018","1000 personnes","6466","*","Chiffre non officiel"
"FBS","Nouveaux Bilans Alimentaire","158","Niger","511","Population totale","2501","Population","2017","2017","1000 personnes","21602","*","Chiffre non officiel"
"FBS","Nouveaux Bilans Alimentaire","158","Niger","511","Population totale","2501","Population","2018","2018","1000 personnes","22443","*","Chiffre non officiel"
"FBS","Nouveaux Bilans Alimentaire","159","Nigéria","511","Population totale","2501","Population","2017","2017","1000 personnes","190873","*","Chiffre non officiel"
"FBS","Nouveaux Bilans Alimentaire","159","Nigéria","511","Population totale","2501","Population","2018","2018","1000 personnes","195875","*","Chiffre non officiel"
"FBS","Nouveaux Bilans Alimentaire","162","Norvège","511","Population totale","2501","Population","2017","2017","1000 personnes","5296","*","Chiffre non officiel"
"FBS","Nouveaux Bilans Alimentaire","162","Norvège","511","Population totale","2501","Population","2018","2018","1000 personnes","5338","*","Chiffre non officiel"
"FBS","Nouveaux Bilans Alimentaire","153","Nouvelle-Calédonie","511","Population totale","2501","Population","2017","2017","1000 personnes","277","*","Chiffre non officiel"
"FBS","Nouveaux Bilans Alimentaire","153","Nouvelle-Calédonie","511","Population totale","2501","Population","2018","2018","1000 personnes","280","*","Chiffre non officiel"
"FBS","Nouveaux Bilans Alimentaire","156","Nouvelle-Zélande","511","Population totale","2501","Population","2017","2017","1000 personnes","4702","*","Chiffre non officiel"
"FBS","Nouveaux Bilans Alimentaire","156","Nouvelle-Zélande","511","Population totale","2501","Population","2018","2018","1000 personnes","4743","*","Chiffre non officiel"
"FBS","Nouveaux Bilans Alimentaire","221","Oman","511","Population totale","2501","Population","2017","2017","1000 personnes","4666","*","Chiffre non officiel"
"FBS","Nouveaux Bilans Alimentaire","221","Oman","511","Population totale","2501","Population","2018","2018","1000 personnes","4829","*","Chiffre non officiel"
"FBS","Nouveaux Bilans Alimentaire","226","Ouganda","511","Population totale","2501","Population","2017","2017","1000 personnes","41167","*","Chiffre non officiel"
"FBS","Nouveaux Bilans Alimentaire","226","Ouganda","511","Population totale","2501","Population","2018","2018","1000 personnes","42729","*","Chiffre non officiel"
"FBS","Nouveaux Bilans Alimentaire","235","Ouzbékistan","511","Population totale","2501","Population","2017","2017","1000 personnes","31960","*","Chiffre non officiel"
"FBS","Nouveaux Bilans Alimentaire","235","Ouzbékistan","511","Population totale","2501","Population","2018","2018","1000 personnes","32476","*","Chiffre non officiel"
"FBS","Nouveaux Bilans Alimentaire","165","Pakistan","511","Population totale","2501","Population","2017","2017","1000 personnes","207906","*","Chiffre non officiel"
"FBS","Nouveaux Bilans Alimentaire","165","Pakistan","511","Population totale","2501","Population","2018","2018","1000 personnes","212228","*","Chiffre non officiel"
"FBS","Nouveaux Bilans Alimentaire","166","Panama","511","Population totale","2501","Population","2017","2017","1000 personnes","4107","*","Chiffre non officiel"
"FBS","Nouveaux Bilans Alimentaire","166","Panama","511","Population totale","2501","Population","2018","2018","1000 personnes","4177","*","Chiffre non officiel"
"FBS","Nouveaux Bilans Alimentaire","168","Papouasie-Nouvelle-Guinée","511","Population totale","2501","Population","2017","2017","1000 personnes","8438","*","Chiffre non officiel"
"FBS","Nouveaux Bilans Alimentaire","168","Papouasie-Nouvelle-Guinée","511","Population totale","2501","Population","2018","2018","1000 personnes","8606","*","Chiffre non officiel"
"FBS","Nouveaux Bilans Alimentaire","169","Paraguay","511","Population totale","2501","Population","2017","2017","1000 personnes","6867","*","Chiffre non officiel"
"FBS","Nouveaux Bilans Alimentaire","169","Paraguay","511","Population totale","2501","Population","2018","2018","1000 personnes","6956","*","Chiffre non officiel"
"FBS","Nouveaux Bilans Alimentaire","150","Pays-Bas","511","Population totale","2501","Population","2017","2017","1000 personnes","17021","*","Chiffre non officiel"
"FBS","Nouveaux Bilans Alimentaire","150","Pays-Bas","511","Population totale","2501","Population","2018","2018","1000 personnes","17060","*","Chiffre non officiel"
"FBS","Nouveaux Bilans Alimentaire","170","Pérou","511","Population totale","2501","Population","2017","2017","1000 personnes","31444","*","Chiffre non officiel"
"FBS","Nouveaux Bilans Alimentaire","170","Pérou","511","Population totale","2501","Population","2018","2018","1000 personnes","31989","*","Chiffre non officiel"
"FBS","Nouveaux Bilans Alimentaire","171","Philippines","511","Population totale","2501","Population","2017","2017","1000 personnes","105173","*","Chiffre non officiel"
"FBS","Nouveaux Bilans Alimentaire","171","Philippines","511","Population totale","2501","Population","2018","2018","1000 personnes","106651","*","Chiffre non officiel"
"FBS","Nouveaux Bilans Alimentaire","173","Pologne","511","Population totale","2501","Population","2017","2017","1000 personnes","37953","*","Chiffre non officiel"
"FBS","Nouveaux Bilans Alimentaire","173","Pologne","511","Population totale","2501","Population","2018","2018","1000 personnes","37922","*","Chiffre non officiel"
"FBS","Nouveaux Bilans Alimentaire","70","Polynésie française","511","Population totale","2501","Population","2017","2017","1000 personnes","276","*","Chiffre non officiel"
"FBS","Nouveaux Bilans Alimentaire","70","Polynésie française","511","Population totale","2501","Population","2018","2018","1000 personnes","278","*","Chiffre non officiel"
"FBS","Nouveaux Bilans Alimentaire","174","Portugal","511","Population totale","2501","Population","2017","2017","1000 personnes","10289","*","Chiffre non officiel"
"FBS","Nouveaux Bilans Alimentaire","174","Portugal","511","Population totale","2501","Population","2018","2018","1000 personnes","10256","*","Chiffre non officiel"
"FBS","Nouveaux Bilans Alimentaire","37","République centrafricaine","511","Population totale","2501","Population","2017","2017","1000 personnes","4596","*","Chiffre non officiel"
"FBS","Nouveaux Bilans Alimentaire","37","République centrafricaine","511","Population totale","2501","Population","2018","2018","1000 personnes","4666","*","Chiffre non officiel"
"FBS","Nouveaux Bilans Alimentaire","117","République de Corée","511","Population totale","2501","Population","2017","2017","1000 personnes","51096","*","Chiffre non officiel"
"FBS","Nouveaux Bilans Alimentaire","117","République de Corée","511","Population totale","2501","Population","2018","2018","1000 personnes","51172","*","Chiffre non officiel"
"FBS","Nouveaux Bilans Alimentaire","146","République de Moldova","511","Population totale","2501","Population","2017","2017","1000 personnes","4060","*","Chiffre non officiel"
"FBS","Nouveaux Bilans Alimentaire","146","République de Moldova","511","Population totale","2501","Population","2018","2018","1000 personnes","4052","*","Chiffre non officiel"
"FBS","Nouveaux Bilans Alimentaire","120","République démocratique populaire lao","511","Population totale","2501","Population","2017","2017","1000 personnes","6953","*","Chiffre non officiel"
"FBS","Nouveaux Bilans Alimentaire","120","République démocratique populaire lao","511","Population totale","2501","Population","2018","2018","1000 personnes","7062","*","Chiffre non officiel"
"FBS","Nouveaux Bilans Alimentaire","56","République dominicaine","511","Population totale","2501","Population","2017","2017","1000 personnes","10513","*","Chiffre non officiel"
"FBS","Nouveaux Bilans Alimentaire","56","République dominicaine","511","Population totale","2501","Population","2018","2018","1000 personnes","10627","*","Chiffre non officiel"
"FBS","Nouveaux Bilans Alimentaire","116","République populaire démocratique de Corée","511","Population totale","2501","Population","2017","2017","1000 personnes","25430","*","Chiffre non officiel"
"FBS","Nouveaux Bilans Alimentaire","116","République populaire démocratique de Corée","511","Population totale","2501","Population","2018","2018","1000 personnes","25550","*","Chiffre non officiel"
"FBS","Nouveaux Bilans Alimentaire","215","République-Unie de Tanzanie","511","Population totale","2501","Population","2017","2017","1000 personnes","54660","*","Chiffre non officiel"
"FBS","Nouveaux Bilans Alimentaire","215","République-Unie de Tanzanie","511","Population totale","2501","Population","2018","2018","1000 personnes","56313","*","Chiffre non officiel"
"FBS","Nouveaux Bilans Alimentaire","183","Roumanie","511","Population totale","2501","Population","2017","2017","1000 personnes","19654","*","Chiffre non officiel"
"FBS","Nouveaux Bilans Alimentaire","183","Roumanie","511","Population totale","2501","Population","2018","2018","1000 personnes","19506","*","Chiffre non officiel"
"FBS","Nouveaux Bilans Alimentaire","229","Royaume-Uni de Grande-Bretagne et d'Irlande du Nord","511","Population totale","2501","Population","2017","2017","1000 personnes","66727","*","Chiffre non officiel"
"FBS","Nouveaux Bilans Alimentaire","229","Royaume-Uni de Grande-Bretagne et d'Irlande du Nord","511","Population totale","2501","Population","2018","2018","1000 personnes","67142","*","Chiffre non officiel"
"FBS","Nouveaux Bilans Alimentaire","184","Rwanda","511","Population totale","2501","Population","2017","2017","1000 personnes","11981","*","Chiffre non officiel"
"FBS","Nouveaux Bilans Alimentaire","184","Rwanda","511","Population totale","2501","Population","2018","2018","1000 personnes","12302","*","Chiffre non officiel"
"FBS","Nouveaux Bilans Alimentaire","189","Sainte-Lucie","511","Population totale","2501","Population","2017","2017","1000 personnes","181","*","Chiffre non officiel"
"FBS","Nouveaux Bilans Alimentaire","189","Sainte-Lucie","511","Population totale","2501","Population","2018","2018","1000 personnes","182","*","Chiffre non officiel"
"FBS","Nouveaux Bilans Alimentaire","188","Saint-Kitts-et-Nevis","511","Population totale","2501","Population","2017","2017","1000 personnes","52","*","Chiffre non officiel"
"FBS","Nouveaux Bilans Alimentaire","188","Saint-Kitts-et-Nevis","511","Population totale","2501","Population","2018","2018","1000 personnes","52","*","Chiffre non officiel"
"FBS","Nouveaux Bilans Alimentaire","191","Saint-Vincent-et-les Grenadines","511","Population totale","2501","Population","2017","2017","1000 personnes","110","*","Chiffre non officiel"
"FBS","Nouveaux Bilans Alimentaire","191","Saint-Vincent-et-les Grenadines","511","Population totale","2501","Population","2018","2018","1000 personnes","110","*","Chiffre non officiel"
"FBS","Nouveaux Bilans Alimentaire","244","Samoa","511","Population totale","2501","Population","2017","2017","1000 personnes","195","*","Chiffre non officiel"
"FBS","Nouveaux Bilans Alimentaire","244","Samoa","511","Population totale","2501","Population","2018","2018","1000 personnes","196","*","Chiffre non officiel"
"FBS","Nouveaux Bilans Alimentaire","193","Sao Tomé-et-Principe","511","Population totale","2501","Population","2017","2017","1000 personnes","207","*","Chiffre non officiel"
"FBS","Nouveaux Bilans Alimentaire","193","Sao Tomé-et-Principe","511","Population totale","2501","Population","2018","2018","1000 personnes","211","*","Chiffre non officiel"
"FBS","Nouveaux Bilans Alimentaire","195","Sénégal","511","Population totale","2501","Population","2017","2017","1000 personnes","15419","*","Chiffre non officiel"
"FBS","Nouveaux Bilans Alimentaire","195","Sénégal","511","Population totale","2501","Population","2018","2018","1000 personnes","15854","*","Chiffre non officiel"
"FBS","Nouveaux Bilans Alimentaire","272","Serbie","511","Population totale","2501","Population","2017","2017","1000 personnes","8830","*","Chiffre non officiel"
"FBS","Nouveaux Bilans Alimentaire","272","Serbie","511","Population totale","2501","Population","2018","2018","1000 personnes","8803","*","Chiffre non officiel"
"FBS","Nouveaux Bilans Alimentaire","197","Sierra Leone","511","Population totale","2501","Population","2017","2017","1000 personnes","7488","*","Chiffre non officiel"
"FBS","Nouveaux Bilans Alimentaire","197","Sierra Leone","511","Population totale","2501","Population","2018","2018","1000 personnes","7650","*","Chiffre non officiel"
"FBS","Nouveaux Bilans Alimentaire","199","Slovaquie","511","Population totale","2501","Population","2017","2017","1000 personnes","5448","*","Chiffre non officiel"
"FBS","Nouveaux Bilans Alimentaire","199","Slovaquie","511","Population totale","2501","Population","2018","2018","1000 personnes","5453","*","Chiffre non officiel"
"FBS","Nouveaux Bilans Alimentaire","198","Slovénie","511","Population totale","2501","Population","2017","2017","1000 personnes","2076","*","Chiffre non officiel"
"FBS","Nouveaux Bilans Alimentaire","198","Slovénie","511","Population totale","2501","Population","2018","2018","1000 personnes","2078","*","Chiffre non officiel"
"FBS","Nouveaux Bilans Alimentaire","276","Soudan","511","Population totale","2501","Population","2017","2017","1000 personnes","40813","*","Chiffre non officiel"
"FBS","Nouveaux Bilans Alimentaire","276","Soudan","511","Population totale","2501","Population","2018","2018","1000 personnes","41802","*","Chiffre non officiel"
"FBS","Nouveaux Bilans Alimentaire","38","Sri Lanka","511","Population totale","2501","Population","2017","2017","1000 personnes","21128","*","Chiffre non officiel"
"FBS","Nouveaux Bilans Alimentaire","38","Sri Lanka","511","Population totale","2501","Population","2018","2018","1000 personnes","21229","*","Chiffre non officiel"
"FBS","Nouveaux Bilans Alimentaire","210","Suède","511","Population totale","2501","Population","2017","2017","1000 personnes","9905","*","Chiffre non officiel"
"FBS","Nouveaux Bilans Alimentaire","210","Suède","511","Population totale","2501","Population","2018","2018","1000 personnes","9972","*","Chiffre non officiel"
"FBS","Nouveaux Bilans Alimentaire","211","Suisse","511","Population totale","2501","Population","2017","2017","1000 personnes","8456","*","Chiffre non officiel"
"FBS","Nouveaux Bilans Alimentaire","211","Suisse","511","Population totale","2501","Population","2018","2018","1000 personnes","8526","*","Chiffre non officiel"
"FBS","Nouveaux Bilans Alimentaire","207","Suriname","511","Population totale","2501","Population","2017","2017","1000 personnes","570","*","Chiffre non officiel"
"FBS","Nouveaux Bilans Alimentaire","207","Suriname","511","Population totale","2501","Population","2018","2018","1000 personnes","576","*","Chiffre non officiel"
"FBS","Nouveaux Bilans Alimentaire","208","Tadjikistan","511","Population totale","2501","Population","2017","2017","1000 personnes","8880","*","Chiffre non officiel"
"FBS","Nouveaux Bilans Alimentaire","208","Tadjikistan","511","Population totale","2501","Population","2018","2018","1000 personnes","9101","*","Chiffre non officiel"
"FBS","Nouveaux Bilans Alimentaire","39","Tchad","511","Population totale","2501","Population","2017","2017","1000 personnes","15017","*","Chiffre non officiel"
"FBS","Nouveaux Bilans Alimentaire","39","Tchad","511","Population totale","2501","Population","2018","2018","1000 personnes","15478","*","Chiffre non officiel"
"FBS","Nouveaux Bilans Alimentaire","167","Tchéquie","511","Population totale","2501","Population","2017","2017","1000 personnes","10641","*","Chiffre non officiel"
"FBS","Nouveaux Bilans Alimentaire","167","Tchéquie","511","Population totale","2501","Population","2018","2018","1000 personnes","10666","*","Chiffre non officiel"
"FBS","Nouveaux Bilans Alimentaire","216","Thaïlande","511","Population totale","2501","Population","2017","2017","1000 personnes","69210","*","Chiffre non officiel"
"FBS","Nouveaux Bilans Alimentaire","216","Thaïlande","511","Population totale","2501","Population","2018","2018","1000 personnes","69428","*","Chiffre non officiel"
"FBS","Nouveaux Bilans Alimentaire","176","Timor-Leste","511","Population totale","2501","Population","2017","2017","1000 personnes","1243","*","Chiffre non officiel"
"FBS","Nouveaux Bilans Alimentaire","176","Timor-Leste","511","Population totale","2501","Population","2018","2018","1000 personnes","1268","*","Chiffre non officiel"
"FBS","Nouveaux Bilans Alimentaire","217","Togo","511","Population totale","2501","Population","2017","2017","1000 personnes","7698","*","Chiffre non officiel"
"FBS","Nouveaux Bilans Alimentaire","217","Togo","511","Population totale","2501","Population","2018","2018","1000 personnes","7889","*","Chiffre non officiel"
"FBS","Nouveaux Bilans Alimentaire","220","Trinité-et-Tobago","511","Population totale","2501","Population","2017","2017","1000 personnes","1384","*","Chiffre non officiel"
"FBS","Nouveaux Bilans Alimentaire","220","Trinité-et-Tobago","511","Population totale","2501","Population","2018","2018","1000 personnes","1390","*","Chiffre non officiel"
"FBS","Nouveaux Bilans Alimentaire","222","Tunisie","511","Population totale","2501","Population","2017","2017","1000 personnes","11433","*","Chiffre non officiel"
"FBS","Nouveaux Bilans Alimentaire","222","Tunisie","511","Population totale","2501","Population","2018","2018","1000 personnes","11565","*","Chiffre non officiel"
"FBS","Nouveaux Bilans Alimentaire","213","Turkménistan","511","Population totale","2501","Population","2017","2017","1000 personnes","5758","*","Chiffre non officiel"
"FBS","Nouveaux Bilans Alimentaire","213","Turkménistan","511","Population totale","2501","Population","2018","2018","1000 personnes","5851","*","Chiffre non officiel"
"FBS","Nouveaux Bilans Alimentaire","223","Turquie","511","Population totale","2501","Population","2017","2017","1000 personnes","81116","*","Chiffre non officiel"
"FBS","Nouveaux Bilans Alimentaire","223","Turquie","511","Population totale","2501","Population","2018","2018","1000 personnes","82340","*","Chiffre non officiel"
"FBS","Nouveaux Bilans Alimentaire","230","Ukraine","511","Population totale","2501","Population","2017","2017","1000 personnes","44488","*","Chiffre non officiel"
"FBS","Nouveaux Bilans Alimentaire","230","Ukraine","511","Population totale","2501","Population","2018","2018","1000 personnes","44246","*","Chiffre non officiel"
"FBS","Nouveaux Bilans Alimentaire","234","Uruguay","511","Population totale","2501","Population","2017","2017","1000 personnes","3437","*","Chiffre non officiel"
"FBS","Nouveaux Bilans Alimentaire","234","Uruguay","511","Population totale","2501","Population","2018","2018","1000 personnes","3449","*","Chiffre non officiel"
"FBS","Nouveaux Bilans Alimentaire","155","Vanuatu","511","Population totale","2501","Population","2017","2017","1000 personnes","286","*","Chiffre non officiel"
"FBS","Nouveaux Bilans Alimentaire","155","Vanuatu","511","Population totale","2501","Population","2018","2018","1000 personnes","293","*","Chiffre non officiel"
"FBS","Nouveaux Bilans Alimentaire","236","Venezuela (République bolivarienne du)","511","Population totale","2501","Population","2017","2017","1000 personnes","29402","*","Chiffre non officiel"
"FBS","Nouveaux Bilans Alimentaire","236","Venezuela (République bolivarienne du)","511","Population totale","2501","Population","2018","2018","1000 personnes","28887","*","Chiffre non officiel"
"FBS","Nouveaux Bilans Alimentaire","237","Viet Nam","511","Population totale","2501","Population","2017","2017","1000 personnes","94601","*","Chiffre non officiel"
"FBS","Nouveaux Bilans Alimentaire","237","Viet Nam","511","Population totale","2501","Population","2018","2018","1000 personnes","95546","*","Chiffre non officiel"
"FBS","Nouveaux Bilans Alimentaire","249","Yémen","511","Population totale","2501","Population","2017","2017","1000 personnes","27835","*","Chiffre non officiel"
"FBS","Nouveaux Bilans Alimentaire","249","Yémen","511","Population totale","2501","Population","2018","2018","1000 personnes","28499","*","Chiffre non officiel"
"FBS","Nouveaux Bilans Alimentaire","251","Zambie","511","Population totale","2501","Population","2017","2017","1000 personnes","16854","*","Chiffre non officiel"
"FBS","Nouveaux Bilans Alimentaire","251","Zambie","511","Population totale","2501","Population","2018","2018","1000 personnes","17352","*","Chiffre non officiel"
"FBS","Nouveaux Bilans Alimentaire","181","Zimbabwe","511","Population totale","2501","Population","2017","2017","1000 personnes","14237","*","Chiffre non officiel"
"FBS","Nouveaux Bilans Alimentaire","181","Zimbabwe","511","Population totale","2501","Population","2018","2018","1000 personnes","14439","*","Chiffre non officiel"
